1;https://telegra.ph/Genij-kommunikacii-04-24
2;https://telegra.ph/Genij-kommunikacii-04-24-2
3;https://telegra.ph/Genij-kommunikacii-04-24-3
4;https://telegra.ph/Genij-kommunikacii-04-24-4
5;https://telegra.ph/Genij-kommunikacii-04-24-5
6;https://telegra.ph/Genij-kommunikacii-04-24-6
7;https://telegra.ph/Genij-kommunikacii-04-24-7
8;https://telegra.ph/Genij-kommunikacii-04-24-8
9;https://telegra.ph/Genij-kommunikacii-04-24-9
10;https://telegra.ph/Genij-kommunikacii-04-24-10
11;https://telegra.ph/Genij-kommunikacii-04-24-11
12;https://telegra.ph/Genij-kommunikacii-04-24-12
13;https://telegra.ph/Genij-kommunikacii-04-24-13
14;https://telegra.ph/Genij-kommunikacii-04-24-14
15;https://telegra.ph/Genij-kommunikacii-04-24-15
16;https://telegra.ph/Genij-kommunikacii-04-24-16
17;https://telegra.ph/Genij-kommunikacii-04-24-17
18;https://telegra.ph/Genij-kommunikacii-04-24-18
19;https://telegra.ph/Genij-kommunikacii-04-24-19
20;https://telegra.ph/Genij-kommunikacii-04-24-20
21;https://telegra.ph/Genij-kommunikacii-04-24-21
22;https://telegra.ph/Genij-kommunikacii-04-24-22
23;https://telegra.ph/Genij-kommunikacii-04-24-23
